{
    "challengemoderank": 445,
    "playerid": "yuhao7370",
    "scores": {
        "AfterDawn.S9ryne.0.Record.IN": {
            "a": 99.43589782714844,
            "c": 0,
            "rks_m": 0.9750859336813705,
            "s": 943641
        },
        "AnotherMe.DAAN.0.Record.IN": {
            "a": 99.26846313476562,
            "c": 0,
            "rks_m": 0.9677515201551127,
            "s": 976025
        },
        "AnotherMe.NeutralMoon.0.Record.IN": {
            "a": 98.42198181152344,
            "c": 0,
            "rks_m": 0.9310955577482827,
            "s": 924805
        },
        "Apocalypse.アリスシャッハと魔法の楽団.0.Record.IN": {
            "a": 100.0,
            "c": 1,
            "rks_m": 1.0,
            "s": 1000000
        },
        "Ark.kanoryo.0.Record.IN": {
            "a": 98.49861907958984,
            "c": 0,
            "rks_m": 0.9343851169537075,
            "s": 933340
        },
        "BetterGraphicAnimation.ルゼ.0.Record.IN": {
            "a": 100.0,
            "c": 1,
            "rks_m": 1.0,
            "s": 1000000
        },
        "BonusTime.MegaloPaleWhite.0.Record.IN": {
            "a": 99.49927520751953,
            "c": 0,
            "rks_m": 0.9778693797504013,
            "s": 967772
        },
        "BreakThroughTheBarrier.lixound.0.Record.IN": {
            "a": 99.65596771240234,
            "c": 0,
            "rks_m": 0.9847681246079608,
            "s": 938555
        },
        "BreakThroughTheBarrier.lixound.0.Record.Legacy": {
            "a": 97.8692855834961,
            "c": 0,
            "rks_m": 0.9075435291058499,
            "s": 913616
        },
        "Burn.NceS.0.Record.IN": {
            "a": 99.75247192382812,
            "c": 1,
            "rks_m": 0.9890290090335924,
            "s": 997772
        },
        "CROSSSOUL.HyuNfeatSyepias.0.Record.IN": {
            "a": 97.15708923339844,
            "c": 0,
            "rks_m": 0.8776395914235646,
            "s": 898399
        },
        "Chronologika.Hundotte.0.Record.IN": {
            "a": 99.60696411132812,
            "c": 0,
            "rks_m": 0.9826080233231187,
            "s": 957932
        },
        "Chronomia.Lime.0.Record.IN": {
            "a": 99.10786437988281,
            "c": 0,
            "rks_m": 0.9607425679773505,
            "s": 949733
        },
        "ChronosCollapseLaCampanella.SunsetRay.0.Record.IN": {
            "a": 99.24665832519531,
            "c": 0,
            "rks_m": 0.9667984063933708,
            "s": 967220
        },
        "Chronostasis.黒皇帝.0.Record.IN": {
            "a": 96.03374481201172,
            "c": 0,
            "rks_m": 0.8314904757023696,
            "s": 889909
        },
        "ClassMemories.AntistarfeatCtymax.0.Record.HD": {
            "a": 99.15106201171875,
            "c": 0,
            "rks_m": 0.962625321858091,
            "s": 942547
        },
        "ClassMemories.AntistarfeatCtymax.0.Record.IN": {
            "a": 99.70687103271484,
            "c": 1,
            "rks_m": 0.9870144777954556,
            "s": 997362
        },
        "ClockParadox.WyvernP.0.Record.IN": {
            "a": 100.0,
            "c": 1,
            "rks_m": 1.0,
            "s": 1000000
        },
        "ColorfulDays.P4koofeatつゆり花鈴.0.Record.IN": {
            "a": 100.0,
            "c": 1,
            "rks_m": 1.0,
            "s": 1000000
        },
        "Concvssion.Halv.0.Record.IN": {
            "a": 99.96499633789062,
            "c": 1,
            "rks_m": 0.9984448867488974,
            "s": 999685
        },
        "Cthugha.USAO.0.Record.AT": {
            "a": 97.10872650146484,
            "c": 0,
            "rks_m": 0.8756270852223051,
            "s": 897801
        },
        "Cthugha.USAO.0.Record.IN": {
            "a": 96.36534118652344,
            "c": 0,
            "rks_m": 0.8449834328283912,
            "s": 926710
        },
        "Demiurge.Rabpit.0.Record.IN": {
            "a": 100.0,
            "c": 1,
            "rks_m": 1.0,
            "s": 1000000
        },
        "Demonkin.ForgedReigns.0.Record.IN": {
            "a": 99.24607849121094,
            "c": 0,
            "rks_m": 0.966773067580444,
            "s": 986942
        },
        "Disorder.HyuNfeatYURI.0.Record.IN": {
            "a": 100.0,
            "c": 1,
            "rks_m": 1.0,
            "s": 1000000
        },
        "DontNeverAround.HAMA.0.Record.IN": {
            "a": 100.0,
            "c": 1,
            "rks_m": 1.0,
            "s": 1000000
        },
        "ENERGYSYNERGYMATRIX.Tanchiky.0.Record.IN": {
            "a": 99.57999420166016,
            "c": 1,
            "rks_m": 0.9814201891457054,
            "s": 996220
        },
        "EradicationCatastrophe.NceS.0.Record.IN": {
            "a": 100.0,
            "c": 1,
            "rks_m": 1.0,
            "s": 1000000
        },
        "FULiAUTOBUSTER.MYUKKE.0.Record.IN": {
            "a": 99.39735412597656,
            "c": 1,
            "rks_m": 0.9733950880925275,
            "s": 994576
        },
        "FULiAUTOSHOOTER.MYUKKE.0.Record.HD": {
            "a": 99.86964416503906,
            "c": 1,
            "rks_m": 0.9942147987640612,
            "s": 998827
        },
        "FULiAUTOSHOOTER.MYUKKE.0.Record.IN": {
            "a": 98.68328094482422,
            "c": 0,
            "rks_m": 0.9423353254836755,
            "s": 923855
        },
        "FinalStep.Lime.0.Record.IN": {
            "a": 100.0,
            "c": 1,
            "rks_m": 1.0,
            "s": 1000000
        },
        "GOODBOUNCE.EBIMAYO.0.Record.IN": {
            "a": 99.61581420898438,
            "c": 0,
            "rks_m": 0.982997964212648,
            "s": 969844
        },
        "GOODFORTUNE.EBIMAYO.0.Record.IN": {
            "a": 98.97626495361328,
            "c": 0,
            "rks_m": 0.9550182119853806,
            "s": 940143
        },
        "GOODRAGE.EBIMAYO.0.Record.IN": {
            "a": 97.8723373413086,
            "c": 0,
            "rks_m": 0.9076727452380066,
            "s": 910251
        },
        "GOODTEK.EBIMAYO.0.Record.IN": {
            "a": 100.0,
            "c": 1,
            "rks_m": 1.0,
            "s": 1000000
        },
        "GOODWORLD.EBIMAYO.0.Record.IN": {
            "a": 98.36978912353516,
            "c": 0,
            "rks_m": 0.9288585721579795,
            "s": 939646
        },
        "GetReady.iF.0.Record.IN": {
            "a": 98.00366973876953,
            "c": 0,
            "rks_m": 0.913242277037611,
            "s": 910727
        },
        "Glaciaxion.SunsetRay.0.Record.IN": {
            "a": 100.0,
            "c": 1,
            "rks_m": 1.0,
            "s": 1000000
        },
        "HAZARD.Limpid.0.Record.IN": {
            "a": 99.1751708984375,
            "c": 0,
            "rks_m": 0.9636769006943998,
            "s": 960094
        },
        "HorizonBlue.NothingButRequiemfeatAikapinChiyoko.0.Record.HD": {
            "a": 100.0,
            "c": 1,
            "rks_m": 1.0,
            "s": 1000000
        },
        "HorizonBlue.NothingButRequiemfeatAikapinChiyoko.0.Record.IN": {
            "a": 99.30350494384766,
            "c": 0,
            "rks_m": 0.9692842223750783,
            "s": 960060
        },
        "INFiNiTEENERZYOverdoze.RekuMochizuki.0.Record.AT": {
            "a": 97.64639282226562,
            "c": 0,
            "rks_m": 0.8981307756795008,
            "s": 945034
        },
        "INFiNiTEENERZYOverdoze.RekuMochizuki.0.Record.IN": {
            "a": 100.0,
            "c": 1,
            "rks_m": 1.0,
            "s": 1000000
        },
        "Igallta.SeURa.0.Record.AT": {
            "a": 91.45870971679688,
            "c": 0,
            "rks_m": 0.6564135872660044,
            "s": 833281
        },
        "Igallta.SeURa.0.Record.IN": {
            "a": 97.85855102539062,
            "c": 0,
            "rks_m": 0.907089084442475,